{
  "models--meta-llama--Llama-3.1-8B": [
    {
      "duration": 11069.318028211594,
      "total_output_tokens": 26001000,
      "responses": 52002,
      "gpu_avg_power": 562.5542735416722,
      "cpu_avg_power": 178.76225707570325,
      "dram_avg_power": 19.7400765993358,
      "total_avg_power": 1025.23505513639,
      "gpu_energy": 6227092.161962308,
      "cpu_energy": 1978776.2750118775,
      "dram_energy": 218509.18577930558,
      "total_energy": 11348652.878975749,
      "energy_per_token": 0.4364698618889946,
      "gpu_energy_per_second": 562.5542735416722,
      "cpu_energy_per_second": 178.76225707570325,
      "dram_energy_per_second": 19.7400765993358,
      "total_energy_per_second": 1025.23505513639,
      "gpu_energy_per_token": 0.23949433337034376,
      "cpu_energy_per_token": 0.07610385273689002,
      "dram_energy_per_token": 0.008403876227041482,
      "total_energy_per_token": 0.4364698618889946,
      "gpu_energy_per_response": 286.6589403840311,
      "cpu_energy_per_response": 91.09129839395469,
      "dram_energy_per_response": 10.058886239437719,
      "total_energy_per_response": 522.4256722817175,
      "gpu0_power_watts": 266.3034229166727,
      "gpu1_power_watts": 296.2508506249995,
      "psys_power_watts": 0,
      "package-1_power_watts": 100.44029455305281,
      "package-1-dram_power_watts": 10.880541340452925,
      "package-0_power_watts": 78.32196252265042,
      "package-0-dram_power_watts": 8.859535258882875,
      "dram_domains": [
        "package-1-dram",
        "package-0-dram"
      ],
      "cpu_domain_power": {
        "psys": 0,
        "package-1": 100.44029455305281,
        "package-1-dram": 10.880541340452925,
        "package-0": 78.32196252265042,
        "package-0-dram": 8.859535258882875
      },
      "model": "models--meta-llama--Llama-3.1-8B",
      "batch_size": 512,
      "engine": "deepspeed",
      "gpu_energy_per_second_formatted": "562.55J/s",
      "cpu_energy_per_second_formatted": "178.76J/s",
      "dram_energy_per_second_formatted": "19.74J/s",
      "total_energy_per_second_formatted": "1025.24J/s",
      "gpu_energy_per_token_mj": 239.49433337034375,
      "cpu_energy_per_token_mj": 76.10385273689002,
      "dram_energy_per_token_mj": 8.403876227041483,
      "total_energy_per_token_mj": 436.4698618889946,
      "gpu_power_formatted": "562.55W",
      "cpu_power_formatted": "178.76W",
      "dram_power_formatted": "19.74W",
      "total_power_formatted": "1025.24W",
      "gpu_energy_formatted": "6227092.16J",
      "cpu_energy_formatted": "1978776.28J",
      "dram_energy_formatted": "218509.19J",
      "total_energy_formatted": "11348652.88J",
      "gpu_energy_per_response_formatted": "286.659J/response",
      "cpu_energy_per_response_formatted": "91.091J/response",
      "dram_energy_per_response_formatted": "10.059J/response",
      "total_energy_per_response_formatted": "522.426J/response",
      "formatted_output": "\nPower and Energy Metrics:\n==================================================\n\nBasic Information:\n  Runtime: 11069.32s\n  Generated tokens: 26001000\n  Number of responses: 52002\n\nAverage Power:\n  GPU Power: 562.55W\n  CPU Power: 178.76W\n  DRAM Power: 19.74W\n  Total Power: 1025.24W\n\nTotal Energy Consumption:\n  GPU Energy: 6227092.16J\n  CPU Energy: 1978776.28J\n  DRAM Energy: 218509.19J\n  Total Energy: 11348652.88J\n\nEnergy per Second:\n  GPU Energy/s: 562.55J/s\n  CPU Energy/s: 178.76J/s\n  DRAM Energy/s: 19.74J/s\n  Total Energy/s: 1025.24J/s\n\nEnergy per Token:\n  GPU Energy/token: 239.494mJ/token\n  CPU Energy/token: 76.104mJ/token\n  DRAM Energy/token: 8.404mJ/token\n  Total Energy/token: 436.470mJ/token\n\nEnergy per Response:\n  GPU Energy/response: 286.659J/response\n  CPU Energy/response: 91.091J/response\n  DRAM Energy/response: 10.059J/response\n  Total Energy/response: 522.426J/response\n=================================================="
    }
  ]
}