{
  "models--meta-llama--Llama-3.1-8B": [
    {
      "duration": 11184.960287332535,
      "total_output_tokens": 26001000,
      "responses": 52002,
      "gpu_avg_power": 568.1070606570331,
      "cpu_avg_power": 178.82983432674578,
      "dram_avg_power": 19.75668650360635,
      "total_avg_power": 1032.3876915984788,
      "gpu_energy": 6354254.912402131,
      "cpu_energy": 2000204.595134908,
      "dram_energy": 220977.7539521157,
      "total_energy": 11547215.331659894,
      "energy_per_token": 0.44410658557978133,
      "gpu_energy_per_second": 568.1070606570331,
      "cpu_energy_per_second": 178.82983432674578,
      "dram_energy_per_second": 19.75668650360635,
      "total_energy_per_second": 1032.3876915984788,
      "gpu_energy_per_token": 0.24438502028391718,
      "cpu_energy_per_token": 0.07692798719798885,
      "dram_energy_per_token": 0.008498817505177328,
      "total_energy_per_token": 0.44410658557978133,
      "gpu_energy_per_response": 289.7781335462482,
      "cpu_energy_per_response": 91.21691878579479,
      "dram_energy_per_response": 10.077424021895096,
      "total_energy_per_response": 526.5968319801119,
      "gpu0_power_watts": 269.02680149439965,
      "gpu1_power_watts": 299.0802591626334,
      "psys_power_watts": 0,
      "package-1_power_watts": 104.34881226055538,
      "package-1-dram_power_watts": 10.909083428549453,
      "package-0_power_watts": 74.4810220661904,
      "package-0-dram_power_watts": 8.847603075056897,
      "dram_domains": [
        "package-1-dram",
        "package-0-dram"
      ],
      "cpu_domain_power": {
        "psys": 0,
        "package-1": 104.34881226055538,
        "package-1-dram": 10.909083428549453,
        "package-0": 74.4810220661904,
        "package-0-dram": 8.847603075056897
      },
      "model": "models--meta-llama--Llama-3.1-8B",
      "batch_size": 256,
      "engine": "deepspeed",
      "gpu_energy_per_second_formatted": "568.11J/s",
      "cpu_energy_per_second_formatted": "178.83J/s",
      "dram_energy_per_second_formatted": "19.76J/s",
      "total_energy_per_second_formatted": "1032.39J/s",
      "gpu_energy_per_token_mj": 244.38502028391719,
      "cpu_energy_per_token_mj": 76.92798719798886,
      "dram_energy_per_token_mj": 8.498817505177328,
      "total_energy_per_token_mj": 444.1065855797813,
      "gpu_power_formatted": "568.11W",
      "cpu_power_formatted": "178.83W",
      "dram_power_formatted": "19.76W",
      "total_power_formatted": "1032.39W",
      "gpu_energy_formatted": "6354254.91J",
      "cpu_energy_formatted": "2000204.60J",
      "dram_energy_formatted": "220977.75J",
      "total_energy_formatted": "11547215.33J",
      "gpu_energy_per_response_formatted": "289.778J/response",
      "cpu_energy_per_response_formatted": "91.217J/response",
      "dram_energy_per_response_formatted": "10.077J/response",
      "total_energy_per_response_formatted": "526.597J/response",
      "formatted_output": "\nPower and Energy Metrics:\n==================================================\n\nBasic Information:\n  Runtime: 11184.96s\n  Generated tokens: 26001000\n  Number of responses: 52002\n\nAverage Power:\n  GPU Power: 568.11W\n  CPU Power: 178.83W\n  DRAM Power: 19.76W\n  Total Power: 1032.39W\n\nTotal Energy Consumption:\n  GPU Energy: 6354254.91J\n  CPU Energy: 2000204.60J\n  DRAM Energy: 220977.75J\n  Total Energy: 11547215.33J\n\nEnergy per Second:\n  GPU Energy/s: 568.11J/s\n  CPU Energy/s: 178.83J/s\n  DRAM Energy/s: 19.76J/s\n  Total Energy/s: 1032.39J/s\n\nEnergy per Token:\n  GPU Energy/token: 244.385mJ/token\n  CPU Energy/token: 76.928mJ/token\n  DRAM Energy/token: 8.499mJ/token\n  Total Energy/token: 444.107mJ/token\n\nEnergy per Response:\n  GPU Energy/response: 289.778J/response\n  CPU Energy/response: 91.217J/response\n  DRAM Energy/response: 10.077J/response\n  Total Energy/response: 526.597J/response\n=================================================="
    }
  ]
}