{
  "models--meta-llama--Llama-3.2-1B": [
    {
      "duration": 540.4201533794403,
      "total_output_tokens": 17742266,
      "responses": 52002,
      "gpu_avg_power": 541.0083687676376,
      "cpu_avg_power": 191.1229669805393,
      "dram_avg_power": 20.409303527961985,
      "total_avg_power": 1003.5704057279236,
      "gpu_energy": 292371.82562896755,
      "cpu_energy": 103286.70312995676,
      "dram_energy": 11029.598942948767,
      "total_energy": 542349.6725905515,
      "energy_per_token": 0.030568230269490466,
      "gpu_energy_per_second": 541.0083687676376,
      "cpu_energy_per_second": 191.1229669805393,
      "dram_energy_per_second": 20.409303527961985,
      "total_energy_per_second": 1003.5704057279235,
      "gpu_energy_per_token": 0.016478832277059062,
      "cpu_energy_per_token": 0.005821505727056328,
      "dram_energy_per_token": 0.0006216567231575024,
      "total_energy_per_token": 0.030568230269490466,
      "gpu_energy_per_response": 273.50030461082093,
      "cpu_energy_per_response": 96.61992809163401,
      "dram_energy_per_response": 10.317679086013815,
      "total_energy_per_response": 507.3430052297021,
      "gpu0_power_watts": 270.6969160395104,
      "gpu1_power_watts": 270.3114527281273,
      "psys_power_watts": 0,
      "package-1_power_watts": 110.99336591158826,
      "package-1-dram_power_watts": 11.27798500548353,
      "package-0_power_watts": 80.12960106895105,
      "package-0-dram_power_watts": 9.131318522478455,
      "dram_domains": [
        "package-1-dram",
        "package-0-dram"
      ],
      "cpu_domain_power": {
        "psys": 0,
        "package-1": 110.99336591158826,
        "package-1-dram": 11.27798500548353,
        "package-0": 80.12960106895105,
        "package-0-dram": 9.131318522478455
      },
      "model": "models--meta-llama--Llama-3.2-1B",
      "batch_size": 512,
      "engine": "vllm",
      "gpu_energy_per_second_formatted": "541.01J/s",
      "cpu_energy_per_second_formatted": "191.12J/s",
      "dram_energy_per_second_formatted": "20.41J/s",
      "total_energy_per_second_formatted": "1003.57J/s",
      "gpu_energy_per_token_mj": 16.478832277059063,
      "cpu_energy_per_token_mj": 5.821505727056327,
      "dram_energy_per_token_mj": 0.6216567231575023,
      "total_energy_per_token_mj": 30.568230269490467,
      "gpu_power_formatted": "541.01W",
      "cpu_power_formatted": "191.12W",
      "dram_power_formatted": "20.41W",
      "total_power_formatted": "1003.57W",
      "gpu_energy_formatted": "292371.83J",
      "cpu_energy_formatted": "103286.70J",
      "dram_energy_formatted": "11029.60J",
      "total_energy_formatted": "542349.67J",
      "gpu_energy_per_response_formatted": "273.500J/response",
      "cpu_energy_per_response_formatted": "96.620J/response",
      "dram_energy_per_response_formatted": "10.318J/response",
      "total_energy_per_response_formatted": "507.343J/response",
      "formatted_output": "\nPower and Energy Metrics:\n==================================================\n\nBasic Information:\n  Runtime: 540.42s\n  Generated tokens: 17742266\n  Number of responses: 52002\n\nAverage Power:\n  GPU Power: 541.01W\n  CPU Power: 191.12W\n  DRAM Power: 20.41W\n  Total Power: 1003.57W\n\nTotal Energy Consumption:\n  GPU Energy: 292371.83J\n  CPU Energy: 103286.70J\n  DRAM Energy: 11029.60J\n  Total Energy: 542349.67J\n\nEnergy per Second:\n  GPU Energy/s: 541.01J/s\n  CPU Energy/s: 191.12J/s\n  DRAM Energy/s: 20.41J/s\n  Total Energy/s: 1003.57J/s\n\nEnergy per Token:\n  GPU Energy/token: 16.479mJ/token\n  CPU Energy/token: 5.822mJ/token\n  DRAM Energy/token: 0.622mJ/token\n  Total Energy/token: 30.568mJ/token\n\nEnergy per Response:\n  GPU Energy/response: 273.500J/response\n  CPU Energy/response: 96.620J/response\n  DRAM Energy/response: 10.318J/response\n  Total Energy/response: 507.343J/response\n=================================================="
    }
  ]
}