{
  "models--meta-llama--Llama-3.2-3B": [
    {
      "duration": 881.8690626621246,
      "total_output_tokens": 17736768,
      "responses": 52002,
      "gpu_avg_power": 660.1019490105441,
      "cpu_avg_power": 191.65707558671772,
      "dram_avg_power": 20.35890629578151,
      "total_avg_power": 1169.504411764706,
      "gpu_energy": 582123.4870353701,
      "cpu_energy": 169016.44560022274,
      "dram_energy": 17953.88961188687,
      "total_energy": 1031349.7593821607,
      "energy_per_token": 0.05814755875377976,
      "gpu_energy_per_second": 660.1019490105441,
      "cpu_energy_per_second": 191.65707558671772,
      "dram_energy_per_second": 20.358906295781512,
      "total_energy_per_second": 1169.504411764706,
      "gpu_energy_per_token": 0.03282015568086419,
      "cpu_energy_per_token": 0.009529156924205286,
      "dram_energy_per_token": 0.001012241328966296,
      "total_energy_per_token": 0.05814755875377976,
      "gpu_energy_per_response": 334.3615663614992,
      "cpu_energy_per_response": 97.08009511787635,
      "dram_energy_per_response": 10.312400696086657,
      "total_energy_per_response": 592.3892931546012,
      "gpu0_power_watts": 330.19524570273035,
      "gpu1_power_watts": 329.90670330781376,
      "psys_power_watts": 0,
      "package-1_power_watts": 100.24119494369153,
      "package-1-dram_power_watts": 10.909566521626632,
      "package-0_power_watts": 91.41588064302618,
      "package-0-dram_power_watts": 9.449339774154875,
      "dram_domains": [
        "package-1-dram",
        "package-0-dram"
      ],
      "cpu_domain_power": {
        "psys": 0,
        "package-1": 100.24119494369153,
        "package-1-dram": 10.909566521626632,
        "package-0": 91.41588064302618,
        "package-0-dram": 9.449339774154875
      },
      "model": "models--meta-llama--Llama-3.2-3B",
      "batch_size": 256,
      "engine": "vllm",
      "gpu_energy_per_second_formatted": "660.10J/s",
      "cpu_energy_per_second_formatted": "191.66J/s",
      "dram_energy_per_second_formatted": "20.36J/s",
      "total_energy_per_second_formatted": "1169.50J/s",
      "gpu_energy_per_token_mj": 32.82015568086419,
      "cpu_energy_per_token_mj": 9.529156924205285,
      "dram_energy_per_token_mj": 1.012241328966296,
      "total_energy_per_token_mj": 58.14755875377976,
      "gpu_power_formatted": "660.10W",
      "cpu_power_formatted": "191.66W",
      "dram_power_formatted": "20.36W",
      "total_power_formatted": "1169.50W",
      "gpu_energy_formatted": "582123.49J",
      "cpu_energy_formatted": "169016.45J",
      "dram_energy_formatted": "17953.89J",
      "total_energy_formatted": "1031349.76J",
      "gpu_energy_per_response_formatted": "334.362J/response",
      "cpu_energy_per_response_formatted": "97.080J/response",
      "dram_energy_per_response_formatted": "10.312J/response",
      "total_energy_per_response_formatted": "592.389J/response",
      "formatted_output": "\nPower and Energy Metrics:\n==================================================\n\nBasic Information:\n  Runtime: 881.87s\n  Generated tokens: 17736768\n  Number of responses: 52002\n\nAverage Power:\n  GPU Power: 660.10W\n  CPU Power: 191.66W\n  DRAM Power: 20.36W\n  Total Power: 1169.50W\n\nTotal Energy Consumption:\n  GPU Energy: 582123.49J\n  CPU Energy: 169016.45J\n  DRAM Energy: 17953.89J\n  Total Energy: 1031349.76J\n\nEnergy per Second:\n  GPU Energy/s: 660.10J/s\n  CPU Energy/s: 191.66J/s\n  DRAM Energy/s: 20.36J/s\n  Total Energy/s: 1169.50J/s\n\nEnergy per Token:\n  GPU Energy/token: 32.820mJ/token\n  CPU Energy/token: 9.529mJ/token\n  DRAM Energy/token: 1.012mJ/token\n  Total Energy/token: 58.148mJ/token\n\nEnergy per Response:\n  GPU Energy/response: 334.362J/response\n  CPU Energy/response: 97.080J/response\n  DRAM Energy/response: 10.312J/response\n  Total Energy/response: 592.389J/response\n=================================================="
    }
  ]
}