{
  "models--meta-llama--Llama-3.2-3B": [
    {
      "duration": 2502.169989824295,
      "total_output_tokens": 42832772,
      "responses": 52002,
      "gpu_avg_power": 741.8159002248967,
      "cpu_avg_power": 189.21626450141525,
      "dram_avg_power": 20.334293731250007,
      "total_avg_power": 1302.9678100263852,
      "gpu_energy": 1856149.48351723,
      "cpu_energy": 473451.2586220973,
      "dram_energy": 50879.859538606055,
      "total_energy": 3260246.9519551042,
      "energy_per_token": 0.07611571233248934,
      "gpu_energy_per_second": 741.8159002248967,
      "cpu_energy_per_second": 189.21626450141525,
      "dram_energy_per_second": 20.334293731250007,
      "total_energy_per_second": 1302.9678100263852,
      "gpu_energy_per_token": 0.043334797092217846,
      "cpu_energy_per_token": 0.011053481633691542,
      "dram_energy_per_token": 0.001187872210059299,
      "total_energy_per_token": 0.07611571233248934,
      "gpu_energy_per_response": 376.11944954756433,
      "cpu_energy_per_response": 95.93743842393056,
      "dram_energy_per_response": 10.310001932848238,
      "total_energy_per_response": 660.6376802340636,
      "gpu0_power_watts": 370.4071203741539,
      "gpu1_power_watts": 371.40877985074286,
      "psys_power_watts": 0,
      "package-1_power_watts": 109.11292750764126,
      "package-1-dram_power_watts": 11.080143252083804,
      "package-0_power_watts": 80.10333699377401,
      "package-0-dram_power_watts": 9.254150479166203,
      "dram_domains": [
        "package-1-dram",
        "package-0-dram"
      ],
      "cpu_domain_power": {
        "psys": 0,
        "package-1": 109.11292750764126,
        "package-1-dram": 11.080143252083804,
        "package-0": 80.10333699377401,
        "package-0-dram": 9.254150479166203
      },
      "model": "models--meta-llama--Llama-3.2-3B",
      "batch_size": 512,
      "engine": "vllm",
      "gpu_energy_per_second_formatted": "741.82J/s",
      "cpu_energy_per_second_formatted": "189.22J/s",
      "dram_energy_per_second_formatted": "20.33J/s",
      "total_energy_per_second_formatted": "1302.97J/s",
      "gpu_energy_per_token_mj": 43.33479709221785,
      "cpu_energy_per_token_mj": 11.053481633691542,
      "dram_energy_per_token_mj": 1.1878722100592989,
      "total_energy_per_token_mj": 76.11571233248934,
      "gpu_power_formatted": "741.82W",
      "cpu_power_formatted": "189.22W",
      "dram_power_formatted": "20.33W",
      "total_power_formatted": "1302.97W",
      "gpu_energy_formatted": "1856149.48J",
      "cpu_energy_formatted": "473451.26J",
      "dram_energy_formatted": "50879.86J",
      "total_energy_formatted": "3260246.95J",
      "gpu_energy_per_response_formatted": "376.119J/response",
      "cpu_energy_per_response_formatted": "95.937J/response",
      "dram_energy_per_response_formatted": "10.310J/response",
      "total_energy_per_response_formatted": "660.638J/response",
      "formatted_output": "\nPower and Energy Metrics:\n==================================================\n\nBasic Information:\n  Runtime: 2502.17s\n  Generated tokens: 42832772\n  Number of responses: 52002\n\nAverage Power:\n  GPU Power: 741.82W\n  CPU Power: 189.22W\n  DRAM Power: 20.33W\n  Total Power: 1302.97W\n\nTotal Energy Consumption:\n  GPU Energy: 1856149.48J\n  CPU Energy: 473451.26J\n  DRAM Energy: 50879.86J\n  Total Energy: 3260246.95J\n\nEnergy per Second:\n  GPU Energy/s: 741.82J/s\n  CPU Energy/s: 189.22J/s\n  DRAM Energy/s: 20.33J/s\n  Total Energy/s: 1302.97J/s\n\nEnergy per Token:\n  GPU Energy/token: 43.335mJ/token\n  CPU Energy/token: 11.053mJ/token\n  DRAM Energy/token: 1.188mJ/token\n  Total Energy/token: 76.116mJ/token\n\nEnergy per Response:\n  GPU Energy/response: 376.119J/response\n  CPU Energy/response: 95.937J/response\n  DRAM Energy/response: 10.310J/response\n  Total Energy/response: 660.638J/response\n=================================================="
    }
  ]
}