{
  "models--meta-llama--Llama-3.1-8B": [
    {
      "duration": 1114.4351580142975,
      "total_output_tokens": 16747431,
      "responses": 52002,
      "gpu_avg_power": 758.0832690459843,
      "cpu_avg_power": 189.16519426152792,
      "dram_avg_power": 20.27986604469804,
      "total_avg_power": 1338.4009324009323,
      "gpu_energy": 844834.6477272566,
      "cpu_energy": 210812.34315765114,
      "dram_energy": 22600.595720031844,
      "total_energy": 1491561.054586716,
      "energy_per_token": 0.0890620808998536,
      "gpu_energy_per_second": 758.0832690459843,
      "cpu_energy_per_second": 189.16519426152792,
      "dram_energy_per_second": 20.27986604469804,
      "total_energy_per_second": 1338.4009324009323,
      "gpu_energy_per_token": 0.05044562642038989,
      "cpu_energy_per_token": 0.012587742153268232,
      "dram_energy_per_token": 0.0013494962731915028,
      "total_energy_per_token": 0.0890620808998536,
      "gpu_energy_per_response": 384.1903809582795,
      "cpu_energy_per_response": 95.86736842094186,
      "dram_energy_per_response": 10.277669722615663,
      "total_energy_per_response": 678.2906114537135,
      "gpu0_power_watts": 377.68608178906317,
      "gpu1_power_watts": 380.39718725692114,
      "psys_power_watts": 0,
      "package-1_power_watts": 98.00490261159587,
      "package-1-dram_power_watts": 10.804840906621292,
      "package-0_power_watts": 91.16029164993206,
      "package-0-dram_power_watts": 9.475025138076747,
      "dram_domains": [
        "package-1-dram",
        "package-0-dram"
      ],
      "cpu_domain_power": {
        "psys": 0,
        "package-1": 98.00490261159587,
        "package-1-dram": 10.804840906621292,
        "package-0": 91.16029164993206,
        "package-0-dram": 9.475025138076747
      },
      "model": "models--meta-llama--Llama-3.1-8B",
      "batch_size": 256,
      "engine": "vllm",
      "gpu_energy_per_second_formatted": "758.08J/s",
      "cpu_energy_per_second_formatted": "189.17J/s",
      "dram_energy_per_second_formatted": "20.28J/s",
      "total_energy_per_second_formatted": "1338.40J/s",
      "gpu_energy_per_token_mj": 50.44562642038989,
      "cpu_energy_per_token_mj": 12.587742153268232,
      "dram_energy_per_token_mj": 1.3494962731915028,
      "total_energy_per_token_mj": 89.0620808998536,
      "gpu_power_formatted": "758.08W",
      "cpu_power_formatted": "189.17W",
      "dram_power_formatted": "20.28W",
      "total_power_formatted": "1338.40W",
      "gpu_energy_formatted": "844834.65J",
      "cpu_energy_formatted": "210812.34J",
      "dram_energy_formatted": "22600.60J",
      "total_energy_formatted": "1491561.05J",
      "gpu_energy_per_response_formatted": "384.190J/response",
      "cpu_energy_per_response_formatted": "95.867J/response",
      "dram_energy_per_response_formatted": "10.278J/response",
      "total_energy_per_response_formatted": "678.291J/response",
      "formatted_output": "\nPower and Energy Metrics:\n==================================================\n\nBasic Information:\n  Runtime: 1114.44s\n  Generated tokens: 16747431\n  Number of responses: 52002\n\nAverage Power:\n  GPU Power: 758.08W\n  CPU Power: 189.17W\n  DRAM Power: 20.28W\n  Total Power: 1338.40W\n\nTotal Energy Consumption:\n  GPU Energy: 844834.65J\n  CPU Energy: 210812.34J\n  DRAM Energy: 22600.60J\n  Total Energy: 1491561.05J\n\nEnergy per Second:\n  GPU Energy/s: 758.08J/s\n  CPU Energy/s: 189.17J/s\n  DRAM Energy/s: 20.28J/s\n  Total Energy/s: 1338.40J/s\n\nEnergy per Token:\n  GPU Energy/token: 50.446mJ/token\n  CPU Energy/token: 12.588mJ/token\n  DRAM Energy/token: 1.349mJ/token\n  Total Energy/token: 89.062mJ/token\n\nEnergy per Response:\n  GPU Energy/response: 384.190J/response\n  CPU Energy/response: 95.867J/response\n  DRAM Energy/response: 10.278J/response\n  Total Energy/response: 678.291J/response\n=================================================="
    }
  ]
}