{
  "models--meta-llama--Llama-3.1-8B": [
    {
      "duration": 2905.2242691516876,
      "total_output_tokens": 36476367,
      "responses": 52002,
      "gpu_avg_power": 769.2141830806409,
      "cpu_avg_power": 189.76781694631825,
      "dram_avg_power": 20.456756157323,
      "total_avg_power": 1357.6572199730094,
      "gpu_energy": 2234739.7128615673,
      "cpu_energy": 551318.0672963787,
      "dram_energy": 59431.464456372996,
      "total_energy": 3944298.704654598,
      "energy_per_token": 0.10813299210018909,
      "gpu_energy_per_second": 769.2141830806409,
      "cpu_energy_per_second": 189.76781694631825,
      "dram_energy_per_second": 20.456756157323,
      "total_energy_per_second": 1357.6572199730094,
      "gpu_energy_per_token": 0.06126541365431396,
      "cpu_energy_per_token": 0.015114390840962277,
      "dram_energy_per_token": 0.0016293142476709096,
      "total_energy_per_token": 0.10813299210018909,
      "gpu_energy_per_response": 391.64733839144185,
      "cpu_energy_per_response": 96.62076188159458,
      "dram_energy_per_response": 10.415608912788818,
      "total_energy_per_response": 691.2545924736414,
      "gpu0_power_watts": 384.6072332234662,
      "gpu1_power_watts": 384.6069498571747,
      "psys_power_watts": 0,
      "package-1_power_watts": 98.6069547672686,
      "package-1-dram_power_watts": 10.91834887664754,
      "package-0_power_watts": 91.16086217904964,
      "package-0-dram_power_watts": 9.538407280675461,
      "dram_domains": [
        "package-1-dram",
        "package-0-dram"
      ],
      "cpu_domain_power": {
        "psys": 0,
        "package-1": 98.6069547672686,
        "package-1-dram": 10.91834887664754,
        "package-0": 91.16086217904964,
        "package-0-dram": 9.538407280675461
      },
      "model": "models--meta-llama--Llama-3.1-8B",
      "batch_size": 512,
      "engine": "vllm",
      "gpu_energy_per_second_formatted": "769.21J/s",
      "cpu_energy_per_second_formatted": "189.77J/s",
      "dram_energy_per_second_formatted": "20.46J/s",
      "total_energy_per_second_formatted": "1357.66J/s",
      "gpu_energy_per_token_mj": 61.26541365431396,
      "cpu_energy_per_token_mj": 15.114390840962278,
      "dram_energy_per_token_mj": 1.6293142476709095,
      "total_energy_per_token_mj": 108.13299210018909,
      "gpu_power_formatted": "769.21W",
      "cpu_power_formatted": "189.77W",
      "dram_power_formatted": "20.46W",
      "total_power_formatted": "1357.66W",
      "gpu_energy_formatted": "2234739.71J",
      "cpu_energy_formatted": "551318.07J",
      "dram_energy_formatted": "59431.46J",
      "total_energy_formatted": "3944298.70J",
      "gpu_energy_per_response_formatted": "391.647J/response",
      "cpu_energy_per_response_formatted": "96.621J/response",
      "dram_energy_per_response_formatted": "10.416J/response",
      "total_energy_per_response_formatted": "691.255J/response",
      "formatted_output": "\nPower and Energy Metrics:\n==================================================\n\nBasic Information:\n  Runtime: 2905.22s\n  Generated tokens: 36476367\n  Number of responses: 52002\n\nAverage Power:\n  GPU Power: 769.21W\n  CPU Power: 189.77W\n  DRAM Power: 20.46W\n  Total Power: 1357.66W\n\nTotal Energy Consumption:\n  GPU Energy: 2234739.71J\n  CPU Energy: 551318.07J\n  DRAM Energy: 59431.46J\n  Total Energy: 3944298.70J\n\nEnergy per Second:\n  GPU Energy/s: 769.21J/s\n  CPU Energy/s: 189.77J/s\n  DRAM Energy/s: 20.46J/s\n  Total Energy/s: 1357.66J/s\n\nEnergy per Token:\n  GPU Energy/token: 61.265mJ/token\n  CPU Energy/token: 15.114mJ/token\n  DRAM Energy/token: 1.629mJ/token\n  Total Energy/token: 108.133mJ/token\n\nEnergy per Response:\n  GPU Energy/response: 391.647J/response\n  CPU Energy/response: 96.621J/response\n  DRAM Energy/response: 10.416J/response\n  Total Energy/response: 691.255J/response\n=================================================="
    }
  ]
}