{
  "models--meta-llama--Llama-3.2-1B": [
    {
      "duration": 1772.046912431717,
      "total_output_tokens": 47092891,
      "responses": 52002,
      "gpu_avg_power": 637.3602059971126,
      "cpu_avg_power": 191.10304229709294,
      "dram_avg_power": 20.51368402581219,
      "total_avg_power": 1153.8224228743416,
      "gpu_energy": 1129432.1851440265,
      "cpu_energy": 338643.5560588713,
      "dram_energy": 36351.21044054032,
      "total_energy": 2044627.4619489599,
      "energy_per_token": 0.04341690260529896,
      "gpu_energy_per_second": 637.3602059971126,
      "cpu_energy_per_second": 191.10304229709294,
      "dram_energy_per_second": 20.51368402581219,
      "total_energy_per_second": 1153.8224228743416,
      "gpu_energy_per_token": 0.02398307177922091,
      "cpu_energy_per_token": 0.007190969780531659,
      "dram_energy_per_token": 0.0007719044142042654,
      "total_energy_per_token": 0.04341690260529896,
      "gpu_energy_per_response": 323.24905127190226,
      "cpu_energy_per_response": 96.92145279303702,
      "dram_energy_per_response": 10.403895375083092,
      "total_energy_per_response": 585.1824447478419,
      "gpu0_power_watts": 317.98152630057916,
      "gpu1_power_watts": 319.37867969653354,
      "psys_power_watts": 0,
      "package-1_power_watts": 109.96519996651756,
      "package-1-dram_power_watts": 11.27503442719033,
      "package-0_power_watts": 81.13784233057537,
      "package-0-dram_power_watts": 9.238649598621857,
      "dram_domains": [
        "package-1-dram",
        "package-0-dram"
      ],
      "cpu_domain_power": {
        "psys": 0,
        "package-1": 109.96519996651756,
        "package-1-dram": 11.27503442719033,
        "package-0": 81.13784233057537,
        "package-0-dram": 9.238649598621857
      },
      "model": "models--meta-llama--Llama-3.2-1B",
      "batch_size": 512,
      "engine": "vllm",
      "gpu_energy_per_second_formatted": "637.36J/s",
      "cpu_energy_per_second_formatted": "191.10J/s",
      "dram_energy_per_second_formatted": "20.51J/s",
      "total_energy_per_second_formatted": "1153.82J/s",
      "gpu_energy_per_token_mj": 23.98307177922091,
      "cpu_energy_per_token_mj": 7.190969780531659,
      "dram_energy_per_token_mj": 0.7719044142042654,
      "total_energy_per_token_mj": 43.41690260529896,
      "gpu_power_formatted": "637.36W",
      "cpu_power_formatted": "191.10W",
      "dram_power_formatted": "20.51W",
      "total_power_formatted": "1153.82W",
      "gpu_energy_formatted": "1129432.19J",
      "cpu_energy_formatted": "338643.56J",
      "dram_energy_formatted": "36351.21J",
      "total_energy_formatted": "2044627.46J",
      "gpu_energy_per_response_formatted": "323.249J/response",
      "cpu_energy_per_response_formatted": "96.921J/response",
      "dram_energy_per_response_formatted": "10.404J/response",
      "total_energy_per_response_formatted": "585.182J/response",
      "formatted_output": "\nPower and Energy Metrics:\n==================================================\n\nBasic Information:\n  Runtime: 1772.05s\n  Generated tokens: 47092891\n  Number of responses: 52002\n\nAverage Power:\n  GPU Power: 637.36W\n  CPU Power: 191.10W\n  DRAM Power: 20.51W\n  Total Power: 1153.82W\n\nTotal Energy Consumption:\n  GPU Energy: 1129432.19J\n  CPU Energy: 338643.56J\n  DRAM Energy: 36351.21J\n  Total Energy: 2044627.46J\n\nEnergy per Second:\n  GPU Energy/s: 637.36J/s\n  CPU Energy/s: 191.10J/s\n  DRAM Energy/s: 20.51J/s\n  Total Energy/s: 1153.82J/s\n\nEnergy per Token:\n  GPU Energy/token: 23.983mJ/token\n  CPU Energy/token: 7.191mJ/token\n  DRAM Energy/token: 0.772mJ/token\n  Total Energy/token: 43.417mJ/token\n\nEnergy per Response:\n  GPU Energy/response: 323.249J/response\n  CPU Energy/response: 96.921J/response\n  DRAM Energy/response: 10.404J/response\n  Total Energy/response: 585.182J/response\n=================================================="
    }
  ]
}